,precision,recall,f1-score,support
Bete,0.8909090909090909,0.875,0.8828828828828829,56.0
Cray,0.8947368421052632,0.7727272727272727,0.8292682926829268,22.0
Discuss,0.9830508474576272,1.0,0.9914529914529915,58.0
Gold,0.9682539682539683,0.9838709677419355,0.976,62.0
Guppy,0.896551724137931,0.9629629629629629,0.9285714285714286,54.0
Oscar,0.868421052631579,0.825,0.8461538461538461,40.0
accuracy,0.9246575342465754,0.9246575342465754,0.9246575342465754,0.9246575342465754
macro avg,0.9169872542492432,0.9032602005720286,0.9090549069573459,292.0
weighted avg,0.9238851027747421,0.9246575342465754,0.9235980423758572,292.0
